assessmentId,internalTaxonId,scientificName,code,name,stressCode,stressName,ancestry,ias,internationalTrade,scope,severity,text,timing,virus
78430533,19475,Rheobatrachus silus,9.3.4,Type Unknown/Unrecorded,1.2,Ecosystem degradation,,,,,,,"Past, Unlikely to Return",
78430533,19475,Rheobatrachus silus,8.1.2,Named species,1.2,Ecosystem degradation,,Ageratina riparia,,,,,"Past, Unlikely to Return",
78430533,19475,Rheobatrachus silus,8.1.2,Named species,2.1,Species mortality,,Batrachochytrium dendrobatidis,,Whole (>90%),Very Rapid Declines,,"Past, Unlikely to Return",
78430533,19475,Rheobatrachus silus,8.1.1,Unspecified species,1.2|2.2,Ecosystem degradation|Species disturbance,,,,,,,"Past, Unlikely to Return",
78430533,19475,Rheobatrachus silus,5.3.4,Unintentional effects: (large scale) [harvest],1.1|1.2,Ecosystem conversion|Ecosystem degradation,,,,,,,"Past, Unlikely to Return",
78430533,19475,Rheobatrachus silus,7.2.7,Abstraction of ground water (agricultural use),1.2,Ecosystem degradation,,,,Unknown,Unknown,,"Past, Unlikely to Return",
78430533,19475,Rheobatrachus silus,8.1.2,Named species,1.2,Ecosystem degradation,Feral,Sus domesticus,,Unknown,Unknown,,"Past, Unlikely to Return",
118976576,54583,Anaxyrus baxteri,8.1.2,Named species,1.2,Ecosystem degradation,,Unspecified Tamarix,,,,,Ongoing,
118976576,54583,Anaxyrus baxteri,8.1.2,Named species,2.1,Species mortality,,Batrachochytrium dendrobatidis,,,,,Ongoing,
118976576,54583,Anaxyrus baxteri,8.2.2,Named species,2.1,Species mortality,,Unspecified MUSTELIDAE,,,,,Ongoing,
118976576,54583,Anaxyrus baxteri,11.2,Droughts,1.2,Ecosystem degradation,,,,,,,Ongoing,
118976576,54583,Anaxyrus baxteri,9.3.3,Herbicides and pesticides,1.2,Ecosystem degradation,,,,,,,Ongoing,
118976576,54583,Anaxyrus baxteri,7.2.3,Abstraction of surface water (agricultural use),1.1|1.2,Ecosystem conversion|Ecosystem degradation,,,,,,,Ongoing,
78447626,21530,Taudactylus diurnus,8.1.2,Named species,2.1,Species mortality,,Batrachochytrium dendrobatidis,,Whole (>90%),Very Rapid Declines,,"Past, Unlikely to Return",
78447626,21530,Taudactylus diurnus,8.1.1,Unspecified species,1.2|2.1|2.2,Ecosystem degradation|Species mortality|Species disturbance,,,,,,,"Past, Unlikely to Return",
78447626,21530,Taudactylus diurnus,9.3.2,"Soil erosion, sedimentation",1.2,Ecosystem degradation,,,,,,,"Past, Unlikely to Return",
78447626,21530,Taudactylus diurnus,7.2.8,Abstraction of ground water (unknown use),1.2,Ecosystem degradation,,,,,,,"Past, Unlikely to Return",
78447626,21530,Taudactylus diurnus,9.3.4,Type Unknown/Unrecorded,1.2,Ecosystem degradation,,,,,,,"Past, Unlikely to Return",
78447626,21530,Taudactylus diurnus,8.1.2,Named species,1.2,Ecosystem degradation,,Lantana camara,,,,,"Past, Unlikely to Return",
78447626,21530,Taudactylus diurnus,9.1.3,Type Unknown/Unrecorded,1.2,Ecosystem degradation,,,,,,,"Past, Unlikely to Return",
78447626,21530,Taudactylus diurnus,8.1.2,Named species,1.2,Ecosystem degradation,,Baccharis halimifolia,,,,,"Past, Unlikely to Return",
78447626,21530,Taudactylus diurnus,8.1.2,Named species,1.2|2.1|2.2,Ecosystem degradation|Species mortality|Species disturbance,,Sus domesticus,,,,,"Past, Unlikely to Return",
78447626,21530,Taudactylus diurnus,8.1.2,Named species,1.2,Ecosystem degradation,,Ageratina riparia,,,,,"Past, Unlikely to Return",
78447626,21530,Taudactylus diurnus,5.3.4,Unintentional effects: (large scale) [harvest],1.1|1.2,Ecosystem conversion|Ecosystem degradation,,,,Unknown,Unknown,,"Past, Unlikely to Return",
172203252,55461,Boana cymbalum,8.1.2,Named species,2.1,Species mortality,,Batrachochytrium dendrobatidis,,Whole (>90%),Rapid Declines,,"Past, Unlikely to Return",
172203252,55461,Boana cymbalum,1.1,Housing & urban areas,1.1|1.2,Ecosystem conversion|Ecosystem degradation,,,,Whole (>90%),Rapid Declines,,"Past, Unlikely to Return",
172203252,55461,Boana cymbalum,1.2,Commercial & industrial areas,1.1|1.2,Ecosystem conversion|Ecosystem degradation,,,,Whole (>90%),Rapid Declines,,"Past, Unlikely to Return",
172203252,55461,Boana cymbalum,9.5.1,Acid rain,1.2,Ecosystem degradation,,,,Whole (>90%),Causing/Could cause fluctuations,,"Past, Unlikely to Return",
172203252,55461,Boana cymbalum,4.1,Roads & railroads,1.1|1.2,Ecosystem conversion|Ecosystem degradation,,,,Majority (50-90%),Rapid Declines,,"Past, Unlikely to Return",
172203252,55461,Boana cymbalum,9.5.4,Type Unknown/Unrecorded,1.2|2.1,Ecosystem degradation|Species mortality,,,,Whole (>90%),Causing/Could cause fluctuations,,"Past, Unlikely to Return",
172621499,17078,Phrynomedusa fimbriata,9.5.1,Acid rain,1.2|1.3,Ecosystem degradation|Indirect ecosystem effects,,,,Whole (>90%),Very Rapid Declines,,"Past, Unlikely to Return",
172621499,17078,Phrynomedusa fimbriata,8.1.2,Named species,2.1,Species mortality,,Batrachochytrium dendrobatidis,,Whole (>90%),Rapid Declines,,"Past, Unlikely to Return",
172621499,17078,Phrynomedusa fimbriata,9.5.2,Smog,1.2|1.3,Ecosystem degradation|Indirect ecosystem effects,,,,Whole (>90%),Very Rapid Declines,,"Past, Unlikely to Return",
208158571,22696558,Tachybaptus rufolavatus,2.1.4,Scale Unknown/Unrecorded,1.1,Ecosystem conversion,,,,Whole (>90%),Unknown,,"Past, Unlikely to Return",
208158571,22696558,Tachybaptus rufolavatus,9.3.2,"Soil erosion, sedimentation",1.2,Ecosystem degradation,,,,Whole (>90%),"Slow, Significant Declines",,"Past, Unlikely to Return",
208158571,22696558,Tachybaptus rufolavatus,9.3.4,Type Unknown/Unrecorded,1.2,Ecosystem degradation,,,,Whole (>90%),"Slow, Significant Declines",,"Past, Unlikely to Return",
208158571,22696558,Tachybaptus rufolavatus,2.1.2,Small-holder farming,1.2,Ecosystem degradation,,,,Majority (50-90%),"Slow, Significant Declines",,"Past, Unlikely to Return",
208158571,22696558,Tachybaptus rufolavatus,8.1.2,Named species,1.2,Ecosystem degradation,,Eichhornia crassipes,,Whole (>90%),"Slow, Significant Declines",,"Past, Unlikely to Return",
208158571,22696558,Tachybaptus rufolavatus,5.1.1,Intentional use (species is the target),2.1,Species mortality,,,No,Whole (>90%),Negligible declines,,"Past, Unlikely to Return",
208158571,22696558,Tachybaptus rufolavatus,5.4.3,Unintentional effects: (subsistence/small scale) [harvest],2.1,Species mortality,,,,Whole (>90%),"Slow, Significant Declines",,"Past, Unlikely to Return",
208158571,22696558,Tachybaptus rufolavatus,8.1.2,Named species,2.1,Species mortality,,Unspecified Tilapia,,Whole (>90%),"Slow, Significant Declines",,"Past, Unlikely to Return",
208158571,22696558,Tachybaptus rufolavatus,8.1.2,Named species,2.1,Species mortality,,Channa striata,,Whole (>90%),Very Rapid Declines,,"Past, Unlikely to Return",
208158571,22696558,Tachybaptus rufolavatus,8.1.2,Named species,2.1,Species mortality,,Micropterus salmoides,,Whole (>90%),Rapid Declines,,"Past, Unlikely to Return",
208158571,22696558,Tachybaptus rufolavatus,8.2.2,Named species,2.3.1,Hybridisation,,Tachybaptus ruficollis,,Whole (>90%),Rapid Declines,,"Past, Unlikely to Return",
208158571,22696558,Tachybaptus rufolavatus,8.1.1,Unspecified species,1.2|2.3.2,Ecosystem degradation|Competition,,,,Whole (>90%),"Slow, Significant Declines","Exotic plants, animals and fish","Past, Unlikely to Return",
221206875,22696615,Podiceps andinus,9.3.4,Type Unknown/Unrecorded,1.2,Ecosystem degradation,,,,Whole (>90%),Rapid Declines,,"Past, Unlikely to Return",
221206875,22696615,Podiceps andinus,5.2.2,Unintentional effects (species is not the target),1.2,Ecosystem degradation,,,,Whole (>90%),Rapid Declines,,"Past, Unlikely to Return",
221206875,22696615,Podiceps andinus,7.3,Other ecosystem modifications,1.2,Ecosystem degradation,,,,Whole (>90%),Rapid Declines,,"Past, Unlikely to Return",
221206875,22696615,Podiceps andinus,2.1.3,Agro-industry farming,1.2,Ecosystem degradation,,,,Whole (>90%),Rapid Declines,,"Past, Unlikely to Return",
221206875,22696615,Podiceps andinus,5.1.1,Intentional use (species is the target),2.1,Species mortality,,,No,Whole (>90%),Rapid Declines,,"Past, Unlikely to Return",
221206875,22696615,Podiceps andinus,8.1.2,Named species,2.1,Species mortality,,Oncorhynchus mykiss,,Whole (>90%),Rapid Declines,,"Past, Unlikely to Return",
241563797,103780078,Acrocephalus luscinius,8.1.2,Named species,1.2,Ecosystem degradation,,Coccinia grandis,,Majority (50-90%),"Slow, Significant Declines",,"Past, Unlikely to Return",
241563797,103780078,Acrocephalus luscinius,8.1.2,Named species,1.2,Ecosystem degradation,,Capra hircus,,Majority (50-90%),"Slow, Significant Declines",,"Past, Unlikely to Return",
241563797,103780078,Acrocephalus luscinius,8.1.2,Named species,2.1,Species mortality,Wild,Unspecified Rattus,,Majority (50-90%),Rapid Declines,,"Past, Unlikely to Return",
241563797,103780078,Acrocephalus luscinius,8.1.2,Named species,2.1,Species mortality,,Boiga irregularis,,Whole (>90%),Very Rapid Declines,,"Past, Unlikely to Return",
241563797,103780078,Acrocephalus luscinius,8.2.2,Named species,2.1,Species mortality,,Varanus indicus,,Minority (<50%),Negligible declines,,"Past, Unlikely to Return",
241563797,103780078,Acrocephalus luscinius,8.1.2,Named species,2.1,Species mortality,Unknown Ancestry,Felis catus,,Minority (<50%),Rapid Declines,,"Past, Unlikely to Return",
241563797,103780078,Acrocephalus luscinius,7.1.1,Increase in fire frequency/intensity,1.2|2.3.7,Ecosystem degradation|Reduced reproductive success,,,,Minority (<50%),"Slow, Significant Declines",,"Past, Unlikely to Return",
241563797,103780078,Acrocephalus luscinius,9.3.3,Herbicides and pesticides,1.2|2.1|2.3.7,Ecosystem degradation|Species mortality|Reduced reproductive success,,,,Majority (50-90%),"Slow, Significant Declines",,"Past, Unlikely to Return",
241563797,103780078,Acrocephalus luscinius,7.2.4,Abstraction of surface water (unknown use),1.2,Ecosystem degradation,,,,Majority (50-90%),"Slow, Significant Declines",,"Past, Unlikely to Return",
5993241,165228,Bromus bromoideus,9.3.3,Herbicides and pesticides,1.2,Ecosystem degradation,,,,Majority (50-90%),Very Rapid Declines,,"Past, Unlikely to Return",
5993241,165228,Bromus bromoideus,2.1.4,Scale Unknown/Unrecorded,2.3.3,Loss of mutualism,,,,Whole (>90%),Very Rapid Declines,,"Past, Unlikely to Return",
7657156,180996,Platytropius siamensis,9.3.4,Type Unknown/Unrecorded,1.2,Ecosystem degradation,,,,Whole (>90%),"Slow, Significant Declines",,Ongoing,
7657156,180996,Platytropius siamensis,9.1.3,Type Unknown/Unrecorded,1.2,Ecosystem degradation,,,,Whole (>90%),"Slow, Significant Declines",,Ongoing,
7657156,180996,Platytropius siamensis,9.2.3,Type Unknown/Unrecorded,1.2,Ecosystem degradation,,,,Whole (>90%),"Slow, Significant Declines",,Ongoing,
7657156,180996,Platytropius siamensis,7.2.11,Dams (size unknown),2.2,Species disturbance,,,,Whole (>90%),Very Rapid Declines,,Ongoing,
7657156,180996,Platytropius siamensis,7.3,Other ecosystem modifications,1.2,Ecosystem degradation,,,,Whole (>90%),Rapid Declines,,Ongoing,
8286338,184524,Pseudamnicola desertorum,11.2,Droughts,1.2,Ecosystem degradation,,,,,,,Ongoing,
8286338,184524,Pseudamnicola desertorum,9.1.3,Type Unknown/Unrecorded,1.2,Ecosystem degradation,,,,,,,Ongoing,
8286338,184524,Pseudamnicola desertorum,9.2.3,Type Unknown/Unrecorded,1.2,Ecosystem degradation,,,,,,,Ongoing,
8326304,184749,Pseudamnicola letourneuxiana,9.1.3,Type Unknown/Unrecorded,1.2,Ecosystem degradation,,,,,,,Ongoing,
15361621,5438,Cottus echinatus,8.1.1,Unspecified species,2.2,Species disturbance,,,,Whole (>90%),,,"Past, Unlikely to Return",
15361621,5438,Cottus echinatus,11.2,Droughts,1.2,Ecosystem degradation,,,,Whole (>90%),,,"Past, Unlikely to Return",
15361621,5438,Cottus echinatus,9.3.4,Type Unknown/Unrecorded,1.2,Ecosystem degradation,,,,Whole (>90%),,,"Past, Unlikely to Return",
18230889,8128,Etheostoma sellare,7.2.11,Dams (size unknown),1.1|1.2,Ecosystem conversion|Ecosystem degradation,,,,Unknown,Very Rapid Declines,,Ongoing,
18230889,8128,Etheostoma sellare,9.3.4,Type Unknown/Unrecorded,1.2,Ecosystem degradation,,,,Unknown,Unknown,,Ongoing,
19032197,17874,Pogonichthys ciscoides,7.2.3,Abstraction of surface water (agricultural use),"","",,,,,,,"Past, Unlikely to Return",
19032197,17874,Pogonichthys ciscoides,9.3.3,Herbicides and pesticides,"","",,,,,,,"Past, Unlikely to Return",
19032197,17874,Pogonichthys ciscoides,8.1.2,Named species,"","",,Lepomis macrochirus,,,,,"Past, Unlikely to Return",
19033113,39291,Moxostoma lacerum,9.3.2,"Soil erosion, sedimentation",1.2,Ecosystem degradation,,,,,,,"Past, Unlikely to Return",
21426347,10332,Hydropsyche tobiasi,9.2.3,Type Unknown/Unrecorded,1.2|2.1,Ecosystem degradation|Species mortality,,,,Whole (>90%),Unknown,,"Past, Unlikely to Return",
56605215,56605187,Diplazium laffanianum,8.1.1,Unspecified species,1.3|2.2|2.3.2,Indirect ecosystem effects|Species disturbance|Competition,,,,Whole (>90%),"Slow, Significant Declines",,Future,
56605215,56605187,Diplazium laffanianum,1.3,Tourism & recreation areas,1.1|2.1,Ecosystem conversion|Species mortality,,,,Majority (50-90%),Very Rapid Declines,,"Past, Unlikely to Return",
56605215,56605187,Diplazium laffanianum,4.2,Utility & service lines,1.1|1.2,Ecosystem conversion|Ecosystem degradation,,,,Majority (50-90%),,,"Past, Unlikely to Return",
56605215,56605187,Diplazium laffanianum,4.1,Roads & railroads,1.1|2.1,Ecosystem conversion|Species mortality,,,,Majority (50-90%),Very Rapid Declines,,"Past, Unlikely to Return",
56605215,56605187,Diplazium laffanianum,1.1,Housing & urban areas,1.1|1.2|2.1|2.2,Ecosystem conversion|Ecosystem degradation|Species mortality|Species disturbance,,,,Majority (50-90%),Very Rapid Declines,,"Past, Unlikely to Return",
56605215,56605187,Diplazium laffanianum,9.4,Garbage & solid waste,1.2|2.1|2.2,Ecosystem degradation|Species mortality|Species disturbance,,,,Unknown,"Slow, Significant Declines",,Future,
56605215,56605187,Diplazium laffanianum,6.1,Recreational activities,2.1|2.2,Species mortality|Species disturbance,,,,Unknown,Unknown,,Future,
18233501,8891,Gambusia georgei,8.2.2,Named species,2.3.1,Hybridisation,,Gambusia affinis,,Whole (>90%),Very Rapid Declines,,"Past, Unlikely to Return",
18233501,8891,Gambusia georgei,7.2.8,Abstraction of ground water (unknown use),1.2,Ecosystem degradation,,,,Whole (>90%),Very Rapid Declines,,"Past, Unlikely to Return",
18233501,8891,Gambusia georgei,9.3.3,Herbicides and pesticides,1.2,Ecosystem degradation,,,,Whole (>90%),Unknown,,"Past, Unlikely to Return",
10838671,43993,Vanvoorstia bennettiana,9.1.1,Sewage,1.2,Ecosystem degradation,,,,,,,"Past, Unlikely to Return",
10838671,43993,Vanvoorstia bennettiana,9.3.2,"Soil erosion, sedimentation",1.2,Ecosystem degradation,,,,,,,"Past, Unlikely to Return",
10838671,43993,Vanvoorstia bennettiana,1.2,Commercial & industrial areas,1.1|1.2,Ecosystem conversion|Ecosystem degradation,,,,,,,"Past, Unlikely to Return",
10838671,43993,Vanvoorstia bennettiana,9.3.4,Type Unknown/Unrecorded,1.2,Ecosystem degradation,,,,,,,"Past, Unlikely to Return",
10838671,43993,Vanvoorstia bennettiana,1.3,Tourism & recreation areas,1.1|1.2,Ecosystem conversion|Ecosystem degradation,,,,,,,"Past, Unlikely to Return",
10838671,43993,Vanvoorstia bennettiana,9.1.3,Type Unknown/Unrecorded,1.2,Ecosystem degradation,,,,,,,"Past, Unlikely to Return",
10838671,43993,Vanvoorstia bennettiana,9.2.3,Type Unknown/Unrecorded,1.2,Ecosystem degradation,,,,,,,"Past, Unlikely to Return",
10838671,43993,Vanvoorstia bennettiana,9.2.1,Oil spills,2.1,Species mortality,,,,,,,"Past, Unlikely to Return",
10838671,43993,Vanvoorstia bennettiana,1.1,Housing & urban areas,1.1|1.2,Ecosystem conversion|Ecosystem degradation,,,,,,,"Past, Unlikely to Return",
10838671,43993,Vanvoorstia bennettiana,5.4.6,Motivation Unknown/Unrecorded,1.2,Ecosystem degradation,,,,,,,"Past, Unlikely to Return",
10838671,43993,Vanvoorstia bennettiana,4.3,Shipping lanes,1.2|2.1|2.2,Ecosystem degradation|Species mortality|Species disturbance,,,,,,,"Past, Unlikely to Return",
10838671,43993,Vanvoorstia bennettiana,5.4.3,Unintentional effects: (subsistence/small scale) [harvest],1.2|2.1|2.2,Ecosystem degradation|Species mortality|Species disturbance,,,,,,,"Past, Unlikely to Return",
12546193,6179,Cyprinus yilongensis,7.2.3,Abstraction of surface water (agricultural use),1.2|2.1,Ecosystem degradation|Species mortality,,,,Whole (>90%),Very Rapid Declines,,"Past, Likely to Return",
12546193,6179,Cyprinus yilongensis,5.1.1,Intentional use (species is the target),2.2,Species disturbance,,,,Whole (>90%),"Slow, Significant Declines",,"Past, Unlikely to Return",
12546193,6179,Cyprinus yilongensis,9.3.1,Nutrient loads,1.2|2.3.8,Ecosystem degradation|Other,,,,Whole (>90%),"Slow, Significant Declines",,Ongoing,
12546193,6179,Cyprinus yilongensis,5.1.2,Unintentional effects (species is not the target),2.2,Species disturbance,,,,Whole (>90%),"Slow, Significant Declines",,"Past, Unlikely to Return",
12546193,6179,Cyprinus yilongensis,9.2.3,Type Unknown/Unrecorded,1.2|2.3.8,Ecosystem degradation|Other,,,,Whole (>90%),"Slow, Significant Declines",,Ongoing,
16935685,54837,Nectophrynoides asperginis,9.3.3,Herbicides and pesticides,1.2|2.1,Ecosystem degradation|Species mortality,,,,,,,Ongoing,
16935685,54837,Nectophrynoides asperginis,7.2.11,Dams (size unknown),1.1|1.2|2.1|2.2,Ecosystem conversion|Ecosystem degradation|Species mortality|Species disturbance,,,,Majority (50-90%),Very Rapid Declines,,Ongoing,
16935685,54837,Nectophrynoides asperginis,8.2,Problematic native species/diseases,2.1,Species mortality,,,,Majority (50-90%),Very Rapid Declines,,Ongoing,
8283720,184510,Chambardia letourneuxi,9.1.1,Sewage,1.2,Ecosystem degradation,,,,,,,"Past, Unlikely to Return",
8283720,184510,Chambardia letourneuxi,9.3.2,"Soil erosion, sedimentation",1.2,Ecosystem degradation,,,,,,,"Past, Unlikely to Return",
8283720,184510,Chambardia letourneuxi,9.3.4,Type Unknown/Unrecorded,1.2,Ecosystem degradation,,,,,,,"Past, Unlikely to Return",
8283720,184510,Chambardia letourneuxi,9.1.3,Type Unknown/Unrecorded,1.2,Ecosystem degradation,,,,,,,"Past, Unlikely to Return",
8283720,184510,Chambardia letourneuxi,9.2.3,Type Unknown/Unrecorded,1.2,Ecosystem degradation,,,,,,,"Past, Unlikely to Return",
91292440,91292433,Unio madagascariensis,9.3.3,Herbicides and pesticides,1.2,Ecosystem degradation,,,,Unknown,Unknown,,"Past, Unlikely to Return",
91292440,91292433,Unio madagascariensis,9.3.2,"Soil erosion, sedimentation",1.2,Ecosystem degradation,,,,Unknown,Unknown,,"Past, Unlikely to Return",
97386102,16527,Pelusios seychellensis,1.1,Housing & urban areas,1.1|1.2,Ecosystem conversion|Ecosystem degradation,,,,,,,,
97386102,16527,Pelusios seychellensis,9.1.3,Type Unknown/Unrecorded,1.2,Ecosystem degradation,,,,,,,,
6178632,166049,Anabarilius macrolepis,7.2.3,Abstraction of surface water (agricultural use),1.2,Ecosystem degradation,,,,Whole (>90%),Very Rapid Declines,,Ongoing,
6178632,166049,Anabarilius macrolepis,9.3.2,"Soil erosion, sedimentation",1.2,Ecosystem degradation,,,,Whole (>90%),Unknown,,Ongoing,
6178632,166049,Anabarilius macrolepis,9.3.1,Nutrient loads,1.2,Ecosystem degradation,,,,Whole (>90%),Unknown,,Ongoing,
3304833,11774,Leptoxis compacta,9.3.4,Type Unknown/Unrecorded,1.2,Ecosystem degradation,,,,,,,"Past, Unlikely to Return",
102879586,61393,Alosa vistonica,7.2.3,Abstraction of surface water (agricultural use),1.2|2.1|2.3.7,Ecosystem degradation|Species mortality|Reduced reproductive success,,,,Whole (>90%),Unknown,,"Past, Unlikely to Return",
102879586,61393,Alosa vistonica,7.2.9,Small dams,1.2|2.1|2.3.7,Ecosystem degradation|Species mortality|Reduced reproductive success,,,,Whole (>90%),Unknown,,"Past, Unlikely to Return",
102879586,61393,Alosa vistonica,7.2.10,Large dams,1.2|2.1|2.3.7,Ecosystem degradation|Species mortality|Reduced reproductive success,,,,Whole (>90%),Unknown,,"Past, Unlikely to Return",
102879586,61393,Alosa vistonica,7.2.1,Abstraction of surface water (domestic use),1.2|2.1|2.3.7,Ecosystem degradation|Species mortality|Reduced reproductive success,,,,Whole (>90%),Unknown,,"Past, Unlikely to Return",
102879586,61393,Alosa vistonica,7.2.2,Abstraction of surface water (commercial use),1.2|2.1|2.3.7,Ecosystem degradation|Species mortality|Reduced reproductive success,,,,Whole (>90%),Unknown,,"Past, Unlikely to Return",
102879586,61393,Alosa vistonica,9.3.1,Nutrient loads,1.2|2.1|2.3.7,Ecosystem degradation|Species mortality|Reduced reproductive success,,,,Whole (>90%),Unknown,,"Past, Unlikely to Return",
102879586,61393,Alosa vistonica,9.3.3,Herbicides and pesticides,1.2|2.1|2.3.7,Ecosystem degradation|Species mortality|Reduced reproductive success,,,,Whole (>90%),Unknown,,"Past, Unlikely to Return",
102879586,61393,Alosa vistonica,9.1.1,Sewage,1.2|2.1|2.3.7,Ecosystem degradation|Species mortality|Reduced reproductive success,,,,Whole (>90%),Unknown,,"Past, Unlikely to Return",
137243081,5380,Coregonus oxyrinchus,9.3.3,Herbicides and pesticides,1.2|2.1|2.3.7,Ecosystem degradation|Species mortality|Reduced reproductive success,,,,Unknown,Unknown,,"Past, Unlikely to Return",
137243081,5380,Coregonus oxyrinchus,5.4.2,Intentional use: (large scale) [harvest],2.1|2.3.7,Species mortality|Reduced reproductive success,,,No,Unknown,Unknown,,"Past, Unlikely to Return",
137243081,5380,Coregonus oxyrinchus,9.3.1,Nutrient loads,1.1|1.2|2.3.7,Ecosystem conversion|Ecosystem degradation|Reduced reproductive success,,,,Unknown,Unknown,,"Past, Unlikely to Return",
137243081,5380,Coregonus oxyrinchus,7.2.10,Large dams,1.1|1.2|2.3.7,Ecosystem conversion|Ecosystem degradation|Reduced reproductive success,,,,Unknown,Unknown,,"Past, Unlikely to Return",
137243081,5380,Coregonus oxyrinchus,9.2.3,Type Unknown/Unrecorded,1.2|2.1|2.3.7,Ecosystem degradation|Species mortality|Reduced reproductive success,,,,Unknown,Unknown,,"Past, Unlikely to Return",
137243081,5380,Coregonus oxyrinchus,9.1.1,Sewage,1.1|1.2|2.1|2.3.7,Ecosystem conversion|Ecosystem degradation|Species mortality|Reduced reproductive success,,,,Unknown,Unknown,,"Past, Unlikely to Return",
137243081,5380,Coregonus oxyrinchus,7.3,Other ecosystem modifications,1.1|1.2|2.1|2.3.7,Ecosystem conversion|Ecosystem degradation|Species mortality|Reduced reproductive success,,,,Unknown,Unknown,,"Past, Unlikely to Return",
137244156,135506,Coregonus gutturosus,9.3.1,Nutrient loads,1.2|2.3.7,Ecosystem degradation|Reduced reproductive success,,,,Whole (>90%),Unknown,,"Past, Unlikely to Return",
137244156,135506,Coregonus gutturosus,9.1.1,Sewage,1.1|1.2|2.3.7,Ecosystem conversion|Ecosystem degradation|Reduced reproductive success,,,,Whole (>90%),Unknown,,"Past, Unlikely to Return",
137247843,232858400,Coregonus zugensis,9.3.1,Nutrient loads,1.1|1.2|2.3.1|2.3.7,Ecosystem conversion|Ecosystem degradation|Hybridisation|Reduced reproductive success,,,,Whole (>90%),Unknown,,"Past, Unlikely to Return",
137247843,232858400,Coregonus zugensis,9.1.1,Sewage,1.1|1.2|2.3.1|2.3.7,Ecosystem conversion|Ecosystem degradation|Hybridisation|Reduced reproductive success,,,,Whole (>90%),Unknown,,"Past, Unlikely to Return",
137328770,19948,Scardinius racovitzai,9.4,Garbage & solid waste,1.1|1.2|2.1|2.3.7,Ecosystem conversion|Ecosystem degradation|Species mortality|Reduced reproductive success,,,,Whole (>90%),Unknown,,"Past, Unlikely to Return",
137328770,19948,Scardinius racovitzai,11.2,Droughts,1.1|1.2|2.1|2.3.7,Ecosystem conversion|Ecosystem degradation|Species mortality|Reduced reproductive success,,,,Whole (>90%),Unknown,,"Past, Unlikely to Return",
137328770,19948,Scardinius racovitzai,7.2.5,Abstraction of ground water (domestic use),1.1|1.2|2.1|2.3.7,Ecosystem conversion|Ecosystem degradation|Species mortality|Reduced reproductive success,,,,Whole (>90%),Rapid Declines,,"Past, Unlikely to Return",
137328770,19948,Scardinius racovitzai,7.2.6,Abstraction of ground water (commercial use),1.1|1.2|2.1|2.3.7,Ecosystem conversion|Ecosystem degradation|Species mortality|Reduced reproductive success,,,,Whole (>90%),Rapid Declines,,"Past, Unlikely to Return",
137328770,19948,Scardinius racovitzai,9.1.2,Run-off,1.1|1.2|2.1|2.3.7,Ecosystem conversion|Ecosystem degradation|Species mortality|Reduced reproductive success,,,,Whole (>90%),Unknown,,"Past, Unlikely to Return",
137328770,19948,Scardinius racovitzai,1.3,Tourism & recreation areas,1.2|2.1|2.3.7,Ecosystem degradation|Species mortality|Reduced reproductive success,,,,Whole (>90%),Rapid Declines,,"Past, Unlikely to Return",
137328770,19948,Scardinius racovitzai,8.1.2,Named species,1.2|2.1|2.3.2|2.3.7,Ecosystem degradation|Species mortality|Competition|Reduced reproductive success,,Pseudorasbora parva,,Whole (>90%),Unknown,,"Past, Unlikely to Return",
137328770,19948,Scardinius racovitzai,8.1.2,Named species,1.2|2.1|2.3.7,Ecosystem degradation|Species mortality|Reduced reproductive success,,Ameiurus nebulosus,,Whole (>90%),Unknown,,"Past, Unlikely to Return",
137328770,19948,Scardinius racovitzai,9.1.1,Sewage,1.1|1.2|2.1|2.3.7,Ecosystem conversion|Ecosystem degradation|Species mortality|Reduced reproductive success,,,,Whole (>90%),Unknown,,"Past, Unlikely to Return",
137328770,19948,Scardinius racovitzai,9.3.2,"Soil erosion, sedimentation",1.2|2.3.7,Ecosystem degradation|Reduced reproductive success,,,,Whole (>90%),Unknown,,"Past, Unlikely to Return",
137328770,19948,Scardinius racovitzai,9.3.3,Herbicides and pesticides,1.2|2.1|2.3.7,Ecosystem degradation|Species mortality|Reduced reproductive success,,,,Whole (>90%),Unknown,,"Past, Unlikely to Return",
137328770,19948,Scardinius racovitzai,9.3.1,Nutrient loads,1.1|1.2|2.1|2.3.7,Ecosystem conversion|Ecosystem degradation|Species mortality|Reduced reproductive success,,,,Whole (>90%),Unknown,,"Past, Unlikely to Return",
137332201,135421,Salvelinus neocomensis,9.3.1,Nutrient loads,1.1|1.2|2.1|2.3.7,Ecosystem conversion|Ecosystem degradation|Species mortality|Reduced reproductive success,,,,Whole (>90%),Rapid Declines,,"Past, Unlikely to Return",
137332201,135421,Salvelinus neocomensis,9.1.1,Sewage,1.1|1.2|2.1|2.3.7,Ecosystem conversion|Ecosystem degradation|Species mortality|Reduced reproductive success,,,,Whole (>90%),Rapid Declines,,"Past, Unlikely to Return",
236050685,199173251,Vachellia polypyrigenes,1.2,Commercial & industrial areas,"","",,,,,,Su hábitat está muy degradado debido a la urbanización de la ciudad de Cienfuegos y de la industria,"Past, Unlikely to Return",
236050685,199173251,Vachellia polypyrigenes,1.1,Housing & urban areas,"","",,,,,,Su hábitat está muy degradado debido a la urbanización de la ciudad de Cienfuegos y de la industria,"Past, Unlikely to Return",
236050685,199173251,Vachellia polypyrigenes,9.4,Garbage & solid waste,"","",,,,,,Su hábitat está muy degradado debido a la urbanización de la ciudad de Cienfuegos y de la industria,"Past, Unlikely to Return",
137243262,258435731,Coregonus trybomi,9.5.1,Acid rain,1.2|2.1|2.3.7,Ecosystem degradation|Species mortality|Reduced reproductive success,,,,Whole (>90%),Unknown,,"Past, Unlikely to Return",
137243262,258435731,Coregonus trybomi,8.1.2,Named species,1.2|2.1|2.3.7,Ecosystem degradation|Species mortality|Reduced reproductive success,,Sander lucioperca,,Whole (>90%),Unknown,,"Past, Unlikely to Return",
214530112,205789017,Anabarilius qionghaiensis,9.3.1,Nutrient loads,1.2|2.1,Ecosystem degradation|Species mortality,,,,Whole (>90%),Very Rapid Declines,,"Past, Unlikely to Return",
214530112,205789017,Anabarilius qionghaiensis,9.3.2,"Soil erosion, sedimentation",1.2|2.1,Ecosystem degradation|Species mortality,,,,Whole (>90%),Very Rapid Declines,,"Past, Unlikely to Return",
214530112,205789017,Anabarilius qionghaiensis,9.3.3,Herbicides and pesticides,1.2|2.1,Ecosystem degradation|Species mortality,,,,Whole (>90%),Very Rapid Declines,,"Past, Unlikely to Return",
214530112,205789017,Anabarilius qionghaiensis,5.1.1,Intentional use (species is the target),2|2.1,Species Stresses|Species mortality,,,No,Whole (>90%),Very Rapid Declines,,"Past, Unlikely to Return",
214530112,205789017,Anabarilius qionghaiensis,8.1.1,Unspecified species,1.2|2.1|2.3.2,Ecosystem degradation|Species mortality|Competition,,,,Whole (>90%),Very Rapid Declines,"Principally predation by an unspecified species of anchovy, but multiple other introduced species including herbivorous ecosystem engineers that degrade habitat, and possibly competitors.","Past, Unlikely to Return",
214530112,205789017,Anabarilius qionghaiensis,9.1.2,Run-off,1.2|2.1,Ecosystem degradation|Species mortality,,,,Whole (>90%),Very Rapid Declines,,"Past, Unlikely to Return",
214530112,205789017,Anabarilius qionghaiensis,1.3,Tourism & recreation areas,2.1,Species mortality,,,,Whole (>90%),Very Rapid Declines,,"Past, Unlikely to Return",
214530112,205789017,Anabarilius qionghaiensis,6.3,Work & other activities,2.1,Species mortality,,,,Whole (>90%),Very Rapid Declines,,"Past, Unlikely to Return",
214530112,205789017,Anabarilius qionghaiensis,1.1,Housing & urban areas,2.1,Species mortality,,,,Whole (>90%),Very Rapid Declines,,"Past, Unlikely to Return",
137244581,135513,Coregonus renke,9.3.1,Nutrient loads,1.1|1.2|2.3.1|2.3.7,Ecosystem conversion|Ecosystem degradation|Hybridisation|Reduced reproductive success,,,,Whole (>90%),Unknown,,"Past, Unlikely to Return",
137244581,135513,Coregonus renke,8.1.1,Unspecified species,1.2|2.3.1|2.3.7,Ecosystem degradation|Hybridisation|Reduced reproductive success,,,,Whole (>90%),Unknown,,"Past, Unlikely to Return",
137244581,135513,Coregonus renke,9.1.1,Sewage,1.1|1.2|2.3.1|2.3.7,Ecosystem conversion|Ecosystem degradation|Hybridisation|Reduced reproductive success,,,,Whole (>90%),Unknown,,"Past, Unlikely to Return",
137245243,135529,Coregonus hoferi,8.1.2,Named species,1.2|2.3.1|2.3.2|2.3.7,Ecosystem degradation|Hybridisation|Competition|Reduced reproductive success,,Coregonus macrophthalmus,,Whole (>90%),Unknown,,"Past, Unlikely to Return",
137245243,135529,Coregonus hoferi,9.1.1,Sewage,1.1|1.2|2.3.1|2.3.7,Ecosystem conversion|Ecosystem degradation|Hybridisation|Reduced reproductive success,,,,Whole (>90%),Unknown,,"Past, Unlikely to Return",
137245925,135556,Coregonus bezola,9.1.1,Sewage,1.1|1.2|2.1|2.3.7,Ecosystem conversion|Ecosystem degradation|Species mortality|Reduced reproductive success,,,,Whole (>90%),Unknown,,"Past, Unlikely to Return",
137246704,135570,Coregonus restrictus,9.3.1,Nutrient loads,1.1|1.2|2.3.7,Ecosystem conversion|Ecosystem degradation|Reduced reproductive success,,,,Whole (>90%),Unknown,,"Past, Unlikely to Return",
137246704,135570,Coregonus restrictus,9.1.1,Sewage,1.1|1.2|2.3.7,Ecosystem conversion|Ecosystem degradation|Reduced reproductive success,,,,Whole (>90%),Unknown,,"Past, Unlikely to Return",
137248113,135627,Coregonus fera,5.4.2,Intentional use: (large scale) [harvest],2.1,Species mortality,,,No,Whole (>90%),Unknown,,"Past, Unlikely to Return",
137248113,135627,Coregonus fera,9.1.1,Sewage,1.1|1.2,Ecosystem conversion|Ecosystem degradation,,,,Whole (>90%),Unknown,,"Past, Unlikely to Return",
137249060,135671,Coregonus hiemalis,5.4.2,Intentional use: (large scale) [harvest],2.1|2.3.7,Species mortality|Reduced reproductive success,,,No,Whole (>90%),Unknown,,"Past, Unlikely to Return",
137249060,135671,Coregonus hiemalis,9.3.1,Nutrient loads,1.1|1.2|2.3.1|2.3.7,Ecosystem conversion|Ecosystem degradation|Hybridisation|Reduced reproductive success,,,,Whole (>90%),Unknown,,"Past, Unlikely to Return",
137269246,60375,Squalius palaciosi,9.2.2,Seepage from mining,"","",,,,,,,"Past, Unlikely to Return",
137269246,60375,Squalius palaciosi,9.3.1,Nutrient loads,"","",,,,,,,"Past, Unlikely to Return",
137269246,60375,Squalius palaciosi,7.2.9,Small dams,"","",,,,,,,"Past, Unlikely to Return",
137269246,60375,Squalius palaciosi,7.2.10,Large dams,"","",,,,,,,"Past, Unlikely to Return",
137269246,60375,Squalius palaciosi,8.1.1,Unspecified species,"","",,,,,,,"Past, Unlikely to Return",
137334363,135552,Salmo schiefermuelleri,9.1.1,Sewage,1.1|1.2|2.1,Ecosystem conversion|Ecosystem degradation|Species mortality,,,,Whole (>90%),Rapid Declines,,"Past, Unlikely to Return",
232856457,232856397,Coregonus obliterus,9.3.1,Nutrient loads,1.1|1.2|2.3.1|2.3.7,Ecosystem conversion|Ecosystem degradation|Hybridisation|Reduced reproductive success,,,,Whole (>90%),Unknown,,"Past, Unlikely to Return",
232856457,232856397,Coregonus obliterus,9.1.1,Sewage,1.1|1.2|2.3.1|2.3.7,Ecosystem conversion|Ecosystem degradation|Hybridisation|Reduced reproductive success,,,,Whole (>90%),Unknown,,"Past, Unlikely to Return",
61462199,231,Acipenser dabryanus,7.2.11,Dams (size unknown),1.1|2.3.8,Ecosystem conversion|Other,,,,Whole (>90%),Rapid Declines,,Ongoing,
61462199,231,Acipenser dabryanus,9.2.3,Type Unknown/Unrecorded,1.2,Ecosystem degradation,,,,,,,Ongoing,
61462199,231,Acipenser dabryanus,9.3.1,Nutrient loads,1.2,Ecosystem degradation,,,,,,,Ongoing,
61462199,231,Acipenser dabryanus,9.3.2,"Soil erosion, sedimentation",1.2,Ecosystem degradation,,,,,,,Ongoing,
61462199,231,Acipenser dabryanus,9.3.3,Herbicides and pesticides,1.2,Ecosystem degradation,,,,,,,Ongoing,
61462199,231,Acipenser dabryanus,4.3,Shipping lanes,1.2,Ecosystem degradation,,,,,,,Ongoing,
61462199,231,Acipenser dabryanus,9.1.1,Sewage,1.2,Ecosystem degradation,,,,Majority (50-90%),,,Ongoing,
61462199,231,Acipenser dabryanus,9.1.2,Run-off,1.2,Ecosystem degradation,,,,,,,Ongoing,
61462199,231,Acipenser dabryanus,9.1.3,Type Unknown/Unrecorded,1.2,Ecosystem degradation,,,,,,,Ongoing,
61462199,231,Acipenser dabryanus,5.4.1,Intentional use: (subsistence/small scale) [harvest],2.1,Species mortality,,,,,,,Ongoing,
61462199,231,Acipenser dabryanus,5.4.3,Unintentional effects: (subsistence/small scale) [harvest],2.1,Species mortality,,,,,,,Ongoing,
54357699,3172,Incilius periglenes,9.5.4,Type Unknown/Unrecorded,1.2,Ecosystem degradation,,,,Unknown,Unknown,,"Past, Unlikely to Return",
54357699,3172,Incilius periglenes,11.5,Other impacts,1.3,Indirect ecosystem effects,,,,Unknown,Unknown,,"Past, Unlikely to Return",
54357699,3172,Incilius periglenes,8.1.2,Named species,2.1,Species mortality,,Batrachochytrium dendrobatidis,,Whole (>90%),Very Rapid Declines,,"Past, Unlikely to Return",
169838772,169838762,Schizothorax saltans,9.2.2,Seepage from mining,"","",,,,,,,"Past, Unlikely to Return",
169838772,169838762,Schizothorax saltans,9.2.3,Type Unknown/Unrecorded,"","",,,,,,,"Past, Unlikely to Return",
169838772,169838762,Schizothorax saltans,9.3.3,Herbicides and pesticides,"","",,,,,,,"Past, Unlikely to Return",
169838772,169838762,Schizothorax saltans,5.4.1,Intentional use: (subsistence/small scale) [harvest],"","",,,,,,,"Past, Unlikely to Return",
169838772,169838762,Schizothorax saltans,5.4.2,Intentional use: (large scale) [harvest],"","",,,,,,,"Past, Unlikely to Return",
169838772,169838762,Schizothorax saltans,7.2.2,Abstraction of surface water (commercial use),"","",,,,,,,"Past, Unlikely to Return",
169838772,169838762,Schizothorax saltans,7.2.3,Abstraction of surface water (agricultural use),"","",,,,,,,"Past, Unlikely to Return",
169838772,169838762,Schizothorax saltans,7.2.9,Small dams,"","",,,,,,,"Past, Unlikely to Return",
192624320,12751,Barbodes resimus,8.1.2,Named species,"","",,Glossogobius giuris,,,,,"Past, Unlikely to Return",
192624320,12751,Barbodes resimus,7.2.3,Abstraction of surface water (agricultural use),"","",,,,,,,"Past, Unlikely to Return",
192624320,12751,Barbodes resimus,9.1.1,Sewage,"","",,,,,,,"Past, Unlikely to Return",
192624320,12751,Barbodes resimus,9.1.2,Run-off,"","",,,,,,,"Past, Unlikely to Return",
192624320,12751,Barbodes resimus,7.2.1,Abstraction of surface water (domestic use),"","",,,,,,,"Past, Unlikely to Return",
192624320,12751,Barbodes resimus,9.1.3,Type Unknown/Unrecorded,"","",,,,,,,"Past, Unlikely to Return",
192624320,12751,Barbodes resimus,5.4.1,Intentional use: (subsistence/small scale) [harvest],"","",,,,,,,"Past, Unlikely to Return",
192624320,12751,Barbodes resimus,7.2.2,Abstraction of surface water (commercial use),"","",,,,,,,"Past, Unlikely to Return",
192625045,18886,Barbodes clemensi,7.2.1,Abstraction of surface water (domestic use),"","",,,,,,,"Past, Unlikely to Return",
192625045,18886,Barbodes clemensi,9.3.4,Type Unknown/Unrecorded,"","",,,,,,,"Past, Unlikely to Return",
192625045,18886,Barbodes clemensi,5.4.1,Intentional use: (subsistence/small scale) [harvest],"","",,,,,,,"Past, Unlikely to Return",
192625045,18886,Barbodes clemensi,8.1.2,Named species,"","",,Giuris margaritaceus,,,,,"Past, Unlikely to Return",
192625045,18886,Barbodes clemensi,7.2.2,Abstraction of surface water (commercial use),"","",,,,,,,"Past, Unlikely to Return",
192625045,18886,Barbodes clemensi,9.1.1,Sewage,"","",,,,,,,"Past, Unlikely to Return",
192625045,18886,Barbodes clemensi,7.2.3,Abstraction of surface water (agricultural use),"","",,,,,,,"Past, Unlikely to Return",
192625045,18886,Barbodes clemensi,9.1.2,Run-off,"","",,,,,,,"Past, Unlikely to Return",
192625045,18886,Barbodes clemensi,8.1.2,Named species,"","",,Glossogobius giuris,,,,,"Past, Unlikely to Return",
192625192,18888,Barbodes disa,9.1.2,Run-off,"","",,,,,,,"Past, Unlikely to Return",
192625192,18888,Barbodes disa,9.3.4,Type Unknown/Unrecorded,"","",,,,,,,"Past, Unlikely to Return",
192625192,18888,Barbodes disa,8.1.2,Named species,"","",,Glossogobius giuris,,,,,"Past, Unlikely to Return",
192625192,18888,Barbodes disa,7.2.1,Abstraction of surface water (domestic use),"","",,,,,,,"Past, Unlikely to Return",
192625192,18888,Barbodes disa,7.2.3,Abstraction of surface water (agricultural use),"","",,,,,,,"Past, Unlikely to Return",
192625192,18888,Barbodes disa,7.2.2,Abstraction of surface water (commercial use),"","",,,,,,,"Past, Unlikely to Return",
192625192,18888,Barbodes disa,8.1.2,Named species,"","",,Giuris margaritaceus,,,,,"Past, Unlikely to Return",
192625192,18888,Barbodes disa,9.1.1,Sewage,"","",,,,,,,"Past, Unlikely to Return",
192625192,18888,Barbodes disa,5.4.1,Intentional use: (subsistence/small scale) [harvest],"","",,,,,,,"Past, Unlikely to Return",
192625334,18889,Barbodes flavifuscus,9.1.1,Sewage,"","",,,,,,,"Past, Unlikely to Return",
192625334,18889,Barbodes flavifuscus,9.3.4,Type Unknown/Unrecorded,"","",,,,,,,"Past, Unlikely to Return",
192625334,18889,Barbodes flavifuscus,7.2.1,Abstraction of surface water (domestic use),"","",,,,,,,"Past, Unlikely to Return",
192625334,18889,Barbodes flavifuscus,9.1.2,Run-off,"","",,,,,,,"Past, Unlikely to Return",
192625334,18889,Barbodes flavifuscus,5.4.1,Intentional use: (subsistence/small scale) [harvest],"","",,,,,,,"Past, Unlikely to Return",
192625334,18889,Barbodes flavifuscus,7.2.2,Abstraction of surface water (commercial use),"","",,,,,,,"Past, Unlikely to Return",
192625334,18889,Barbodes flavifuscus,7.2.3,Abstraction of surface water (agricultural use),"","",,,,,,,"Past, Unlikely to Return",
192625464,18890,Barbodes herrei,9.3.4,Type Unknown/Unrecorded,"","",,,,,,,"Past, Unlikely to Return",
192625464,18890,Barbodes herrei,8.1.2,Named species,"","",,Glossogobius giuris,,,,,"Past, Unlikely to Return",
192625464,18890,Barbodes herrei,5.4.1,Intentional use: (subsistence/small scale) [harvest],"","",,,,,,,"Past, Unlikely to Return",
192625464,18890,Barbodes herrei,7.2.1,Abstraction of surface water (domestic use),"","",,,,,,,"Past, Unlikely to Return",
192625464,18890,Barbodes herrei,7.2.3,Abstraction of surface water (agricultural use),"","",,,,,,,"Past, Unlikely to Return",
192625464,18890,Barbodes herrei,8.1.2,Named species,"","",,Giuris margaritaceus,,,,,"Past, Unlikely to Return",
192625464,18890,Barbodes herrei,7.2.2,Abstraction of surface water (commercial use),"","",,,,,,,"Past, Unlikely to Return",
192625464,18890,Barbodes herrei,9.1.1,Sewage,"","",,,,,,,"Past, Unlikely to Return",
192625464,18890,Barbodes herrei,9.1.2,Run-off,"","",,,,,,,"Past, Unlikely to Return",
192625645,18891,Barbodes katolo,8.1.2,Named species,"","",,Giuris margaritaceus,,,,,"Past, Unlikely to Return",
192625645,18891,Barbodes katolo,9.3.4,Type Unknown/Unrecorded,"","",,,,,,,"Past, Unlikely to Return",
192625645,18891,Barbodes katolo,7.2.2,Abstraction of surface water (commercial use),"","",,,,,,,"Past, Unlikely to Return",
192625645,18891,Barbodes katolo,9.1.1,Sewage,"","",,,,,,,"Past, Unlikely to Return",
192625645,18891,Barbodes katolo,5.4.1,Intentional use: (subsistence/small scale) [harvest],"","",,,,,,,"Past, Unlikely to Return",
192625645,18891,Barbodes katolo,7.2.3,Abstraction of surface water (agricultural use),"","",,,,,,,"Past, Unlikely to Return",
192625645,18891,Barbodes katolo,9.1.2,Run-off,"","",,,,,,,"Past, Unlikely to Return",
192625645,18891,Barbodes katolo,8.1.2,Named species,"","",,Glossogobius giuris,,,,,"Past, Unlikely to Return",
192625645,18891,Barbodes katolo,7.2.1,Abstraction of surface water (domestic use),"","",,,,,,,"Past, Unlikely to Return",
192625785,18892,Barbodes lanaoensis,9.1.2,Run-off,"","",,,,,,,"Past, Unlikely to Return",
192625785,18892,Barbodes lanaoensis,7.2.1,Abstraction of surface water (domestic use),"","",,,,,,,"Past, Unlikely to Return",
192625785,18892,Barbodes lanaoensis,7.2.2,Abstraction of surface water (commercial use),"","",,,,,,,"Past, Unlikely to Return",
192625785,18892,Barbodes lanaoensis,9.3.4,Type Unknown/Unrecorded,"","",,,,,,,"Past, Unlikely to Return",
192625785,18892,Barbodes lanaoensis,5.4.1,Intentional use: (subsistence/small scale) [harvest],"","",,,,,,,"Past, Unlikely to Return",
192625785,18892,Barbodes lanaoensis,7.2.3,Abstraction of surface water (agricultural use),"","",,,,,,,"Past, Unlikely to Return",
192625785,18892,Barbodes lanaoensis,9.1.1,Sewage,"","",,,,,,,"Past, Unlikely to Return",
192625785,18892,Barbodes lanaoensis,8.1.2,Named species,"","",,Glossogobius giuris,,,,,"Past, Unlikely to Return",
192626206,18901,Barbodes tras,9.1.1,Sewage,"","",,,,,,,"Past, Unlikely to Return",
192626206,18901,Barbodes tras,7.2.1,Abstraction of surface water (domestic use),"","",,,,,,,"Past, Unlikely to Return",
192626206,18901,Barbodes tras,9.1.2,Run-off,"","",,,,,,,"Past, Unlikely to Return",
192626206,18901,Barbodes tras,7.2.2,Abstraction of surface water (commercial use),"","",,,,,,,"Past, Unlikely to Return",
192626206,18901,Barbodes tras,8.1.2,Named species,"","",,Glossogobius giuris,,,,,"Past, Unlikely to Return",
192626206,18901,Barbodes tras,5.4.1,Intentional use: (subsistence/small scale) [harvest],"","",,,,,,,"Past, Unlikely to Return",
192626206,18901,Barbodes tras,8.1.2,Named species,"","",,Giuris margaritaceus,,,,,"Past, Unlikely to Return",
192626206,18901,Barbodes tras,9.3.4,Type Unknown/Unrecorded,"","",,,,,,,"Past, Unlikely to Return",
192626206,18901,Barbodes tras,7.2.3,Abstraction of surface water (agricultural use),"","",,,,,,,"Past, Unlikely to Return",
192626589,18904,Barbodes manalak,7.2.1,Abstraction of surface water (domestic use),"","",,,,,,,"Past, Unlikely to Return",
192626589,18904,Barbodes manalak,9.1.1,Sewage,"","",,,,,,,"Past, Unlikely to Return",
192626589,18904,Barbodes manalak,5.4.1,Intentional use: (subsistence/small scale) [harvest],"","",,,,,,,"Past, Unlikely to Return",
192626589,18904,Barbodes manalak,9.3.4,Type Unknown/Unrecorded,"","",,,,,,,"Past, Unlikely to Return",
192626589,18904,Barbodes manalak,9.1.2,Run-off,"","",,,,,,,"Past, Unlikely to Return",
192626589,18904,Barbodes manalak,7.2.2,Abstraction of surface water (commercial use),"","",,,,,,,"Past, Unlikely to Return",
192626589,18904,Barbodes manalak,8.1.2,Named species,"","",,Glossogobius giuris,,,,,"Past, Unlikely to Return",
192626589,18904,Barbodes manalak,8.1.2,Named species,"","",,Giuris margaritaceus,,,,,"Past, Unlikely to Return",
192626589,18904,Barbodes manalak,7.2.3,Abstraction of surface water (agricultural use),"","",,,,,,,"Past, Unlikely to Return",
192626734,20687,Barbodes palata,7.2.3,Abstraction of surface water (agricultural use),"","",,,,,,,"Past, Unlikely to Return",
192626734,20687,Barbodes palata,9.1.1,Sewage,"","",,,,,,,"Past, Unlikely to Return",
192626734,20687,Barbodes palata,5.4.1,Intentional use: (subsistence/small scale) [harvest],"","",,,,,,,"Past, Unlikely to Return",
192626734,20687,Barbodes palata,8.1.2,Named species,"","",,Glossogobius giuris,,,,,"Past, Unlikely to Return",
192626734,20687,Barbodes palata,9.1.2,Run-off,"","",,,,,,,"Past, Unlikely to Return",
192626734,20687,Barbodes palata,7.2.1,Abstraction of surface water (domestic use),"","",,,,,,,"Past, Unlikely to Return",
192626734,20687,Barbodes palata,7.2.2,Abstraction of surface water (commercial use),"","",,,,,,,"Past, Unlikely to Return",
192626734,20687,Barbodes palata,9.3.4,Type Unknown/Unrecorded,"","",,,,,,,"Past, Unlikely to Return",
192624463,15633,Barbodes palaemophagus,7.2.3,Abstraction of surface water (agricultural use),"","",,,,,,,"Past, Unlikely to Return",
192624463,15633,Barbodes palaemophagus,9.3.4,Type Unknown/Unrecorded,"","",,,,,,,"Past, Unlikely to Return",
192624463,15633,Barbodes palaemophagus,5.4.1,Intentional use: (subsistence/small scale) [harvest],"","",,,,,,,"Past, Unlikely to Return",
192624463,15633,Barbodes palaemophagus,8.1.2,Named species,"","",,Glossogobius giuris,,,,,"Past, Unlikely to Return",
192624463,15633,Barbodes palaemophagus,9.1.1,Sewage,"","",,,,,,,"Past, Unlikely to Return",
192624463,15633,Barbodes palaemophagus,7.2.1,Abstraction of surface water (domestic use),"","",,,,,,,"Past, Unlikely to Return",
192624463,15633,Barbodes palaemophagus,9.1.2,Run-off,"","",,,,,,,"Past, Unlikely to Return",
192624463,15633,Barbodes palaemophagus,8.1.2,Named species,"","",,Giuris margaritaceus,,,,,"Past, Unlikely to Return",
192624463,15633,Barbodes palaemophagus,7.2.2,Abstraction of surface water (commercial use),"","",,,,,,,"Past, Unlikely to Return",
192624604,15634,Barbodes truncatulus,7.2.2,Abstraction of surface water (commercial use),"","",,,,,,,"Past, Unlikely to Return",
192624604,15634,Barbodes truncatulus,5.4.1,Intentional use: (subsistence/small scale) [harvest],"","",,,,,,,"Past, Unlikely to Return",
192624604,15634,Barbodes truncatulus,8.1.2,Named species,"","",,Glossogobius giuris,,,,,"Past, Unlikely to Return",
192624604,15634,Barbodes truncatulus,7.2.3,Abstraction of surface water (agricultural use),"","",,,,,,,"Past, Unlikely to Return",
192624604,15634,Barbodes truncatulus,8.1.2,Named species,"","",,Giuris margaritaceus,,,,,"Past, Unlikely to Return",
192624604,15634,Barbodes truncatulus,9.3.4,Type Unknown/Unrecorded,"","",,,,,,,"Past, Unlikely to Return",
192624604,15634,Barbodes truncatulus,9.1.1,Sewage,"","",,,,,,,"Past, Unlikely to Return",
192624604,15634,Barbodes truncatulus,7.2.1,Abstraction of surface water (domestic use),"","",,,,,,,"Past, Unlikely to Return",
192624604,15634,Barbodes truncatulus,9.1.2,Run-off,"","",,,,,,,"Past, Unlikely to Return",
192624745,18882,Barbodes amarus,9.1.2,Run-off,"","",,,,,,,"Past, Unlikely to Return",
192624745,18882,Barbodes amarus,8.1.2,Named species,"","",,Glossogobius giuris,,,,,"Past, Unlikely to Return",
192624745,18882,Barbodes amarus,7.2.2,Abstraction of surface water (commercial use),"","",,,,,,,"Past, Unlikely to Return",
192624745,18882,Barbodes amarus,5.4.1,Intentional use: (subsistence/small scale) [harvest],"","",,,,,,,"Past, Unlikely to Return",
192624745,18882,Barbodes amarus,9.3.4,Type Unknown/Unrecorded,"","",,,,,,,"Past, Unlikely to Return",
192624745,18882,Barbodes amarus,8.1.2,Named species,"","",,Giuris margaritaceus,,,,,"Past, Unlikely to Return",
192624745,18882,Barbodes amarus,9.1.1,Sewage,"","",,,,,,,"Past, Unlikely to Return",
192624745,18882,Barbodes amarus,7.2.3,Abstraction of surface water (agricultural use),"","",,,,,,,"Past, Unlikely to Return",
192624745,18882,Barbodes amarus,7.2.1,Abstraction of surface water (domestic use),"","",,,,Unknown,Unknown,,"Past, Unlikely to Return",
192624901,18884,Barbodes baoulan,7.2.3,Abstraction of surface water (agricultural use),"","",,,,,,,"Past, Unlikely to Return",
192624901,18884,Barbodes baoulan,8.1.2,Named species,"","",,Giuris margaritaceus,,,,,"Past, Unlikely to Return",
192624901,18884,Barbodes baoulan,9.1.1,Sewage,"","",,,,,,,"Past, Unlikely to Return",
192624901,18884,Barbodes baoulan,7.2.1,Abstraction of surface water (domestic use),"","",,,,,,,"Past, Unlikely to Return",
192624901,18884,Barbodes baoulan,9.3.4,Type Unknown/Unrecorded,"","",,,,,,,"Past, Unlikely to Return",
192624901,18884,Barbodes baoulan,9.1.2,Run-off,"","",,,,,,,"Past, Unlikely to Return",
192624901,18884,Barbodes baoulan,5.4.1,Intentional use: (subsistence/small scale) [harvest],"","",,,,,,,"Past, Unlikely to Return",
192624901,18884,Barbodes baoulan,7.2.2,Abstraction of surface water (commercial use),"","",,,,,,,"Past, Unlikely to Return",
192624901,18884,Barbodes baoulan,8.1.2,Named species,"","",,Glossogobius giuris,,,,,"Past, Unlikely to Return",
192624182,4135,Barbodes pachycheilus,9.1.2,Run-off,"","",,,,,,,"Past, Unlikely to Return",
192624182,4135,Barbodes pachycheilus,7.2.1,Abstraction of surface water (domestic use),"","",,,,,,,"Past, Unlikely to Return",
192624182,4135,Barbodes pachycheilus,9.3.4,Type Unknown/Unrecorded,"","",,,,,,,"Past, Unlikely to Return",
192624182,4135,Barbodes pachycheilus,8.1.2,Named species,"","",,Glossogobius giuris,,,,,"Past, Unlikely to Return",
192624182,4135,Barbodes pachycheilus,7.2.2,Abstraction of surface water (commercial use),"","",,,,,,,"Past, Unlikely to Return",
192624182,4135,Barbodes pachycheilus,7.2.3,Abstraction of surface water (agricultural use),"","",,,,,,,"Past, Unlikely to Return",
192624182,4135,Barbodes pachycheilus,9.1.1,Sewage,"","",,,,,,,"Past, Unlikely to Return",
192624182,4135,Barbodes pachycheilus,5.4.1,Intentional use: (subsistence/small scale) [harvest],"","",,,,,,,"Past, Unlikely to Return",
63869216,59445,Hypselotriton wolterstorffi,8.1.1,Unspecified species,1.2|2.1,Ecosystem degradation|Species mortality,,,,,,,"Past, Unlikely to Return",
63869216,59445,Hypselotriton wolterstorffi,9.3.4,Type Unknown/Unrecorded,1.2,Ecosystem degradation,,,,,,,"Past, Unlikely to Return",
63869216,59445,Hypselotriton wolterstorffi,5.4.4,Unintentional effects: (large scale) [harvest],2.1,Species mortality,,,,,,,"Past, Unlikely to Return",
63869216,59445,Hypselotriton wolterstorffi,9.1.3,Type Unknown/Unrecorded,1.2,Ecosystem degradation,,,,,,,"Past, Unlikely to Return",
63869216,59445,Hypselotriton wolterstorffi,2.1.2,Small-holder farming,1.1|1.2,Ecosystem conversion|Ecosystem degradation,,,,,,,"Past, Unlikely to Return",
63869216,59445,Hypselotriton wolterstorffi,8.2,Problematic native species/diseases,1.2,Ecosystem degradation,,,,,,,"Past, Unlikely to Return",
63869216,59445,Hypselotriton wolterstorffi,9.2.3,Type Unknown/Unrecorded,1.2,Ecosystem degradation,,,,,,,"Past, Unlikely to Return",
89815479,157719927,Chitala lopis,5.4.1,Intentional use: (subsistence/small scale) [harvest],2.1,Species mortality,,,No,Whole (>90%),Unknown,,"Past, Unlikely to Return",
89815479,157719927,Chitala lopis,1.1,Housing & urban areas,1.1|1.2,Ecosystem conversion|Ecosystem degradation,,,,Whole (>90%),Unknown,,"Past, Unlikely to Return",
89815479,157719927,Chitala lopis,5.3.3,Unintentional effects: (subsistence/small scale) [harvest],1.1|1.2,Ecosystem conversion|Ecosystem degradation,,,,Whole (>90%),Unknown,,"Past, Unlikely to Return",
89815479,157719927,Chitala lopis,2.1.2,Small-holder farming,1.1|1.2,Ecosystem conversion|Ecosystem degradation,,,,Whole (>90%),Unknown,,"Past, Unlikely to Return",
89815479,157719927,Chitala lopis,9.3.1,Nutrient loads,1.2,Ecosystem degradation,,,,Unknown,Unknown,,"Past, Unlikely to Return",
89815479,157719927,Chitala lopis,9.3.3,Herbicides and pesticides,1.2,Ecosystem degradation,,,,Unknown,Unknown,,"Past, Unlikely to Return",
89815479,157719927,Chitala lopis,9.2.3,Type Unknown/Unrecorded,1.2,Ecosystem degradation,,,,Whole (>90%),Unknown,,"Past, Unlikely to Return",
89815479,157719927,Chitala lopis,9.1.1,Sewage,1.2,Ecosystem degradation,,,,Whole (>90%),Unknown,,"Past, Unlikely to Return",
89815479,157719927,Chitala lopis,9.1.2,Run-off,1.2,Ecosystem degradation,,,,Whole (>90%),Unknown,,"Past, Unlikely to Return",
54365740,56413,Craugastor anciano,11.2,Droughts,1.2,Ecosystem degradation,,,,,,,"Past, Unlikely to Return",
54365740,56413,Craugastor anciano,7.1.3,Trend Unknown/Unrecorded,1.2,Ecosystem degradation,,,,,,,"Past, Unlikely to Return",
54365740,56413,Craugastor anciano,9.3.4,Type Unknown/Unrecorded,1.2,Ecosystem degradation,,,,,,,"Past, Unlikely to Return",
54365740,56413,Craugastor anciano,11.4,Storms & flooding,1.2,Ecosystem degradation,,,,,,,"Past, Unlikely to Return",
54365740,56413,Craugastor anciano,2.1.2,Small-holder farming,1.1|1.2,Ecosystem conversion|Ecosystem degradation,,,,,,,"Past, Unlikely to Return",
54365740,56413,Craugastor anciano,2.3.2,"Small-holder grazing, ranching or farming",1.1|1.2,Ecosystem conversion|Ecosystem degradation,,,,,,,"Past, Unlikely to Return",
54365740,56413,Craugastor anciano,10.3,Avalanches/landslides,1.1|1.2,Ecosystem conversion|Ecosystem degradation,,,,,,,"Past, Unlikely to Return",
54365740,56413,Craugastor anciano,9.3.2,"Soil erosion, sedimentation",1.2,Ecosystem degradation,,,,,,,"Past, Unlikely to Return",
54365740,56413,Craugastor anciano,2.3.1,Nomadic grazing,1.1|1.2,Ecosystem conversion|Ecosystem degradation,,,,,,,"Past, Unlikely to Return",
54365740,56413,Craugastor anciano,5.3.5,Motivation Unknown/Unrecorded,1.2,Ecosystem degradation,,,,,,,"Past, Unlikely to Return",
54365740,56413,Craugastor anciano,2.1.1,Shifting agriculture,1.1|1.2,Ecosystem conversion|Ecosystem degradation,,,,,,,"Past, Unlikely to Return",
54365740,56413,Craugastor anciano,2.1.3,Agro-industry farming,1.1|1.2,Ecosystem conversion|Ecosystem degradation,,,,,,,"Past, Unlikely to Return",
54365740,56413,Craugastor anciano,8.1.2,Named species,2.1,Species mortality,,Batrachochytrium dendrobatidis,,Whole (>90%),Rapid Declines,,"Past, Unlikely to Return",
157724204,23156,Xiphophorus couchianus,1.1,Housing & urban areas,1.1|1.2|2.1|2.2,Ecosystem conversion|Ecosystem degradation|Species mortality|Species disturbance,,,,Whole (>90%),Very Rapid Declines,,"Past, Likely to Return",
157724204,23156,Xiphophorus couchianus,9.1.2,Run-off,1.1|1.2|2.1,Ecosystem conversion|Ecosystem degradation|Species mortality,,,,Whole (>90%),Very Rapid Declines,,"Past, Likely to Return",
157724204,23156,Xiphophorus couchianus,9.1.1,Sewage,1.1|1.2|2.1,Ecosystem conversion|Ecosystem degradation|Species mortality,,,,Whole (>90%),Very Rapid Declines,,"Past, Likely to Return",
157724204,23156,Xiphophorus couchianus,7.2.7,Abstraction of ground water (agricultural use),1.1|1.2|2.1,Ecosystem conversion|Ecosystem degradation|Species mortality,,,,Whole (>90%),Very Rapid Declines,,"Past, Likely to Return",
157724204,23156,Xiphophorus couchianus,7.2.6,Abstraction of ground water (commercial use),1.1|1.2|2.1,Ecosystem conversion|Ecosystem degradation|Species mortality,,,,Whole (>90%),Very Rapid Declines,,"Past, Likely to Return",
157724204,23156,Xiphophorus couchianus,8.1.1,Unspecified species,2.3.1|2.3.2,Hybridisation|Competition,,,,Whole (>90%),Very Rapid Declines,,"Past, Likely to Return",
157724204,23156,Xiphophorus couchianus,9.2.3,Type Unknown/Unrecorded,1.1|1.2|2.1,Ecosystem conversion|Ecosystem degradation|Species mortality,,,,Whole (>90%),Very Rapid Declines,,"Past, Likely to Return",
157724204,23156,Xiphophorus couchianus,9.3.1,Nutrient loads,1.1|1.2|2.1,Ecosystem conversion|Ecosystem degradation|Species mortality,,,,Whole (>90%),Very Rapid Declines,,"Past, Likely to Return",
157724204,23156,Xiphophorus couchianus,9.3.2,"Soil erosion, sedimentation",1.1|1.2|2.1,Ecosystem conversion|Ecosystem degradation|Species mortality,,,,Whole (>90%),Very Rapid Declines,,"Past, Likely to Return",
157724204,23156,Xiphophorus couchianus,9.3.3,Herbicides and pesticides,1.1|1.2|2.1,Ecosystem conversion|Ecosystem degradation|Species mortality,,,,Whole (>90%),Very Rapid Declines,,"Past, Likely to Return",
157724204,23156,Xiphophorus couchianus,9.4,Garbage & solid waste,1.1|1.2|2.1,Ecosystem conversion|Ecosystem degradation|Species mortality,,,,Whole (>90%),Very Rapid Declines,,"Past, Likely to Return",
157724204,23156,Xiphophorus couchianus,1.3,Tourism & recreation areas,1.1|1.2|2.1,Ecosystem conversion|Ecosystem degradation|Species mortality,,,,Whole (>90%),Very Rapid Declines,,"Past, Likely to Return",
157724204,23156,Xiphophorus couchianus,6.1,Recreational activities,1.1|1.2|2.1,Ecosystem conversion|Ecosystem degradation|Species mortality,,,,Whole (>90%),Very Rapid Declines,,"Past, Likely to Return",
157724204,23156,Xiphophorus couchianus,7.2.1,Abstraction of surface water (domestic use),1.1|1.2|2.1,Ecosystem conversion|Ecosystem degradation|Species mortality,,,,Whole (>90%),Very Rapid Declines,,"Past, Likely to Return",
157724204,23156,Xiphophorus couchianus,7.2.2,Abstraction of surface water (commercial use),1.1|1.2|2.1,Ecosystem conversion|Ecosystem degradation|Species mortality,,,,Whole (>90%),Very Rapid Declines,,"Past, Likely to Return",
157724204,23156,Xiphophorus couchianus,7.2.3,Abstraction of surface water (agricultural use),1.1|1.2|2.1,Ecosystem conversion|Ecosystem degradation|Species mortality,,,,Whole (>90%),Very Rapid Declines,,"Past, Likely to Return",
157724204,23156,Xiphophorus couchianus,7.2.5,Abstraction of ground water (domestic use),1.1|1.2|2.1,Ecosystem conversion|Ecosystem degradation|Species mortality,,,,Whole (>90%),Very Rapid Declines,,"Past, Likely to Return",
1998432,191696,Allotoca goslinei,8.1.2,Named species,"","",,Xiphophorus hellerii,,Whole (>90%),Rapid Declines,,"Past, Likely to Return",
1998432,191696,Allotoca goslinei,2.1.2,Small-holder farming,"","",,,,Majority (50-90%),"Slow, Significant Declines",,"Past, Likely to Return",
1998432,191696,Allotoca goslinei,9.3.2,"Soil erosion, sedimentation","","",,,,Majority (50-90%),Negligible declines,,"Past, Likely to Return",
1998432,191696,Allotoca goslinei,11.2,Droughts,"","",,,,Majority (50-90%),Rapid Declines,,"Past, Likely to Return",
2757376,20285,Skiffia francesae,6.1,Recreational activities,"","",,,,Whole (>90%),Unknown,,"Past, Likely to Return",
2757376,20285,Skiffia francesae,2.3.2,"Small-holder grazing, ranching or farming","","",,,,Whole (>90%),Rapid Declines,,"Past, Likely to Return",
2757376,20285,Skiffia francesae,7.2.9,Small dams,"","",,,,Whole (>90%),"Slow, Significant Declines",,"Past, Likely to Return",
2757376,20285,Skiffia francesae,7.2.11,Dams (size unknown),"","",,,,Whole (>90%),Negligible declines,,"Past, Likely to Return",
2757376,20285,Skiffia francesae,9.1.1,Sewage,"","",,,,Whole (>90%),"Slow, Significant Declines",,"Past, Likely to Return",
2757376,20285,Skiffia francesae,9.3.1,Nutrient loads,"","",,,,Whole (>90%),"Slow, Significant Declines",,"Past, Likely to Return",
2757376,20285,Skiffia francesae,9.3.2,"Soil erosion, sedimentation","","",,,,Whole (>90%),Unknown,,"Past, Likely to Return",
2757376,20285,Skiffia francesae,8.1.1,Unspecified species,"","",,,,Whole (>90%),Very Rapid Declines,"The original habitat is populated with several exotic fish species being competitors for food and space. In case of a possible reintroduction, these species would lead to very rapid population declines. ","Past, Likely to Return",
110463483,110463465,Oncorhynchus kawamurae,9.2.3,Type Unknown/Unrecorded,1.2,Ecosystem degradation,,,,Whole (>90%),Rapid Declines,,"Past, Unlikely to Return",
130025081,14891,Notropis orca,9.3.4,Type Unknown/Unrecorded,1.2|2.1,Ecosystem degradation|Species mortality,,,,,,,"Past, Unlikely to Return",
130025081,14891,Notropis orca,7.2.11,Dams (size unknown),1.1|1.2,Ecosystem conversion|Ecosystem degradation,,,,,,,"Past, Unlikely to Return",
130025081,14891,Notropis orca,7.2.4,Abstraction of surface water (unknown use),1.1|1.2,Ecosystem conversion|Ecosystem degradation,,,,,,,"Past, Unlikely to Return",
130025081,14891,Notropis orca,8.1.1,Unspecified species,2.1,Species mortality,,,,,,,"Past, Unlikely to Return",
3145753,8432,Evarra eigenmanni,9.1.1,Sewage,1|1.2,Ecosystem stresses|Ecosystem degradation,,,,Majority (50-90%),Very Rapid Declines,,"Past, Unlikely to Return",
3145753,8432,Evarra eigenmanni,7.2.4,Abstraction of surface water (unknown use),1.2,Ecosystem degradation,,,,Whole (>90%),Very Rapid Declines,,"Past, Unlikely to Return",
546437,14881,Notropis amecae,9.1.2,Run-off,1.2,Ecosystem degradation,,,,Whole (>90%),,,Ongoing,
546437,14881,Notropis amecae,9.3.3,Herbicides and pesticides,1.2,Ecosystem degradation,,,,Whole (>90%),,,Ongoing,
546437,14881,Notropis amecae,8.1.1,Unspecified species,2.3.2,Competition,,,,Whole (>90%),,,Ongoing,
3145804,8433,Evarra tlahuacensis,9.1.2,Run-off,1.2|2.1,Ecosystem degradation|Species mortality,,,,Whole (>90%),Very Rapid Declines,,"Past, Unlikely to Return",
3145804,8433,Evarra tlahuacensis,9.1.1,Sewage,1.2|2.1,Ecosystem degradation|Species mortality,,,,Whole (>90%),Very Rapid Declines,,"Past, Unlikely to Return",
3145804,8433,Evarra tlahuacensis,9.3.1,Nutrient loads,1.2|2.1,Ecosystem degradation|Species mortality,,,,Whole (>90%),Very Rapid Declines,,"Past, Unlikely to Return",
3145804,8433,Evarra tlahuacensis,9.3.2,"Soil erosion, sedimentation",1.2|2.1,Ecosystem degradation|Species mortality,,,,Whole (>90%),Very Rapid Declines,,"Past, Unlikely to Return",
3145804,8433,Evarra tlahuacensis,9.3.3,Herbicides and pesticides,1.2|2.1,Ecosystem degradation|Species mortality,,,,Whole (>90%),Very Rapid Declines,,"Past, Unlikely to Return",
3145702,8431,Evarra bustamantei,9.1.2,Run-off,1.2|2.1,Ecosystem degradation|Species mortality,,,,Whole (>90%),Very Rapid Declines,,"Past, Unlikely to Return",
3145702,8431,Evarra bustamantei,9.1.1,Sewage,1.2|2.1,Ecosystem degradation|Species mortality,,,,Whole (>90%),Very Rapid Declines,,"Past, Unlikely to Return",
3145702,8431,Evarra bustamantei,9.3.3,Herbicides and pesticides,1.2|2.1,Ecosystem degradation|Species mortality,,,,Whole (>90%),Very Rapid Declines,,"Past, Unlikely to Return",
3145702,8431,Evarra bustamantei,9.3.2,"Soil erosion, sedimentation",1.2|2.1,Ecosystem degradation|Species mortality,,,,Whole (>90%),Very Rapid Declines,,"Past, Unlikely to Return",
3145702,8431,Evarra bustamantei,9.3.1,Nutrient loads,1.2|2.1,Ecosystem degradation|Species mortality,,,,Whole (>90%),Very Rapid Declines,,"Past, Unlikely to Return",
2774500,21120,Stypodon signifer,8.1.1,Unspecified species,2.2,Species disturbance,,,,Whole (>90%),Rapid Declines,,"Past, Unlikely to Return",
2774500,21120,Stypodon signifer,9.1.1,Sewage,1.2,Ecosystem degradation,,,,Whole (>90%),Rapid Declines,,"Past, Unlikely to Return",
2774500,21120,Stypodon signifer,7.2.9,Small dams,1.1,Ecosystem conversion,,,,Whole (>90%),Rapid Declines,,"Past, Unlikely to Return",
2774500,21120,Stypodon signifer,7.2.3,Abstraction of surface water (agricultural use),1.1,Ecosystem conversion,,,,Whole (>90%),Rapid Declines,,"Past, Unlikely to Return",
2774500,21120,Stypodon signifer,9.2.3,Type Unknown/Unrecorded,1.2,Ecosystem degradation,,,,Whole (>90%),Rapid Declines,,"Past, Unlikely to Return",
1970358,191116,Atherinella callida,9.1.2,Run-off,"","",,,,,,,"Past, Unlikely to Return",
1970358,191116,Atherinella callida,9.1.1,Sewage,"","",,,,,,,"Past, Unlikely to Return",
1970358,191116,Atherinella callida,7.2.10,Large dams,"","",,,,,,,"Past, Unlikely to Return",
1970358,191116,Atherinella callida,9.3.3,Herbicides and pesticides,"","",,,,,,,"Past, Unlikely to Return",
1970358,191116,Atherinella callida,9.3.2,"Soil erosion, sedimentation","","",,,,,,,"Past, Unlikely to Return",
1970358,191116,Atherinella callida,9.3.1,Nutrient loads,"","",,,,,,,"Past, Unlikely to Return",
546490,14882,Notropis aulidion,8.1.2,Named species,"","",,Micropterus salmoides,,Unknown,Unknown,,"Past, Unlikely to Return",
546490,14882,Notropis aulidion,7.2.4,Abstraction of surface water (unknown use),"","",,,,Unknown,Unknown,,"Past, Unlikely to Return",
546490,14882,Notropis aulidion,9.2.3,Type Unknown/Unrecorded,"","",,,,Unknown,Unknown,,"Past, Unlikely to Return",
21420776,22379,Tropodiaptomus ctenopus,1.1,Housing & urban areas,1.1|1.2|2.1,Ecosystem conversion|Ecosystem degradation|Species mortality,,,,Whole (>90%),Very Rapid Declines,,"Past, Unlikely to Return",
21420776,22379,Tropodiaptomus ctenopus,2.1.2,Small-holder farming,1.1|1.2,Ecosystem conversion|Ecosystem degradation,,,,Whole (>90%),Very Rapid Declines,,"Past, Unlikely to Return",
21420776,22379,Tropodiaptomus ctenopus,9.1.3,Type Unknown/Unrecorded,1.1|1.2|2.1,Ecosystem conversion|Ecosystem degradation|Species mortality,,,,Unknown,Very Rapid Declines,,"Past, Unlikely to Return",
21421268,611,Afrocyclops pauliani,9.1.3,Type Unknown/Unrecorded,1.2,Ecosystem degradation,,,,Unknown,Unknown,,"Past, Unlikely to Return",
21421268,611,Afrocyclops pauliani,1.1,Housing & urban areas,1.1|1.2,Ecosystem conversion|Ecosystem degradation,,,,Whole (>90%),Very Rapid Declines,,"Past, Unlikely to Return",
21421268,611,Afrocyclops pauliani,2.1.2,Small-holder farming,1.1|1.2,Ecosystem conversion|Ecosystem degradation,,,,Whole (>90%),Very Rapid Declines,,"Past, Unlikely to Return",
273147385,273147335,Mastigodiaptomus galapagoensis,8.1.2,Named species,2.1,Species mortality,,Oreochromis niloticus,,Whole (>90%),Very Rapid Declines,,"Past, Unlikely to Return",
273147385,273147335,Mastigodiaptomus galapagoensis,9.3.3,Herbicides and pesticides,2.1,Species mortality,,,,Whole (>90%),Very Rapid Declines,,"Past, Unlikely to Return",
